model,feature_set,ticker,qlike,vol_rmse,vol_mae,calibration,n_obs,n_dates,year
EWMA,baseline,GLD,0.45023692439812985,0.07352684544542659,0.05745510831628467,0.8752112642625414,250,250,2012
EWMA,baseline,SPY,0.42323789913885906,0.05764391489801265,0.046318452537550035,0.9058694999918269,250,250,2012
EWMA,baseline,TLT,0.3173427060112122,0.054638136556075176,0.044538398759709386,0.9272714906573671,250,250,2012
EWMA,baseline,Pooled,0.39693917651606697,0.06248824927468441,0.049437319871181364,0.900972690289773,750,250,2012
HV21,baseline,GLD,0.5245921728537402,0.07658154641759703,0.06113776924413587,0.9053727013805107,250,250,2012
HV21,baseline,SPY,0.46687223978787895,0.05564161177225977,0.04450088199110293,0.9830541825892788,250,250,2012
HV21,baseline,TLT,0.4147632861827333,0.05876408036826638,0.04821399624989124,0.9612003355072485,250,250,2012
HV21,baseline,Pooled,0.4687425662747841,0.06432713101497561,0.05128421582837669,0.945001127932198,750,250,2012
LightGBM,full,GLD,0.4952775997032683,0.07071096984660083,0.053342100357705265,1.0618950853584352,250,250,2012
LightGBM,full,SPY,0.3864140314517909,0.05446504858299316,0.04486042098015543,0.7912214344106058,250,250,2012
LightGBM,full,TLT,0.30342201902822513,0.0512748068827546,0.04020376204985007,1.0305444585390537,250,250,2012
LightGBM,full,Pooled,0.3950378833944281,0.05942947808020998,0.046135427795903586,0.9597875417534769,750,250,2012
LightGBM,no_cross,GLD,0.4536394925234924,0.06978987956332114,0.05373108320730753,1.025762956302161,250,250,2012
LightGBM,no_cross,SPY,0.4474973420135722,0.055132296755702866,0.04490253948118911,0.8818245383276404,250,250,2012
LightGBM,no_cross,TLT,0.3034815134870679,0.05153473380056051,0.04148607938565931,1.0165406990765313,250,250,2012
LightGBM,no_cross,Pooled,0.4015394493413775,0.05934651414339455,0.046706567358051974,0.9779323020559114,750,250,2012
LightGBM,risk_only,GLD,0.5058784060281765,0.08039697831501097,0.06479319610363946,0.7713448490376567,250,250,2012
LightGBM,risk_only,SPY,0.48925606479708333,0.062438513116001515,0.05110413332732111,0.8267559364133724,250,250,2012
LightGBM,risk_only,TLT,0.3412255618410402,0.058535045806550626,0.04723679829008495,0.8591306206799155,250,250,2012
LightGBM,risk_only,Pooled,0.4454533442221,0.06779526441155119,0.05437804257368184,0.8149977723115603,750,250,2012
Ridge,full,GLD,0.43065311531463635,0.07103761405481111,0.055860344199879425,0.8575150437848885,250,250,2012
Ridge,full,SPY,0.37287439215833884,0.05517830591250856,0.04594230263436235,0.7558595344331962,250,250,2012
Ridge,full,TLT,0.2868573647986876,0.05149280987292121,0.04109043974824135,0.9201998931222323,250,250,2012
Ridge,full,Pooled,0.36346162409055427,0.05984005771661512,0.047631028860827714,0.8451815980458403,750,250,2012
Ridge,no_cross,GLD,0.46672038195938753,0.07585381463471211,0.059612643526942816,0.818957030442005,250,250,2012
Ridge,no_cross,SPY,0.35580474703789355,0.05210730457362216,0.042535142922911585,0.830635551555814,250,250,2012
Ridge,no_cross,TLT,0.2928782460930517,0.050408161040603826,0.04022004309360198,1.01416074840384,250,250,2012
Ridge,no_cross,Pooled,0.37180112503011087,0.060580401352420175,0.04745594318115212,0.8800301830092084,750,250,2012
Ridge,risk_only,GLD,0.4609008302081914,0.07760388502683076,0.06190639822693754,0.7574624769219007,250,250,2012
Ridge,risk_only,SPY,0.4078478243506243,0.05937437568272909,0.04893738398256186,0.7688417368628043,250,250,2012
Ridge,risk_only,TLT,0.29897295130576734,0.05514603194804806,0.04448755820905139,0.84257074764211,250,250,2012
Ridge,risk_only,Pooled,0.3892405352881944,0.06477850543348093,0.05177711347285026,0.7877953150181575,750,250,2012
EWMA,baseline,GLD,1.0003213490472735,0.12538785023300905,0.082172063761498,1.031398920378952,252,252,2013
EWMA,baseline,SPY,0.44565030589340904,0.05143329706345865,0.04249522643427789,0.9204002696136149,252,252,2013
EWMA,baseline,TLT,0.2740891689422461,0.045940486686378325,0.03701516236670179,0.9642613281525891,252,252,2013
EWMA,baseline,Pooled,0.5733536079609761,0.08261966140061093,0.053894150854159224,0.9972125583055566,756,252,2013
HV21,baseline,GLD,1.2866448737237766,0.13404283033352768,0.08908755494964773,1.0206750187548888,252,252,2013
HV21,baseline,SPY,0.5470776860851463,0.05535126432278348,0.04578709418705229,0.9305364646240745,252,252,2013
HV21,baseline,TLT,0.28270814893987417,0.046600870295263185,0.03743764461017793,0.961982471274288,252,252,2013
HV21,baseline,Pooled,0.7054769029162659,0.08794483865512798,0.05743743124895931,0.992232558143876,756,252,2013
LightGBM,full,GLD,1.1726379270731144,0.11364674249301668,0.06619237906819672,1.40873493627124,252,252,2013
LightGBM,full,SPY,0.3229459325740412,0.04271983769062809,0.03324346781378059,1.0368944664172655,252,252,2013
LightGBM,full,TLT,0.25865561236736984,0.04320660645553128,0.03554424185729097,1.0609343371281335,252,252,2013
LightGBM,full,Pooled,0.5847464906715085,0.07440290642394469,0.04499336291308943,1.2480489151198848,756,252,2013
LightGBM,no_cross,GLD,1.275679749049705,0.11976423613740515,0.07324753495050866,1.1210624279714798,252,252,2013
LightGBM,no_cross,SPY,0.3607665751985794,0.044439850033317393,0.03403038360225163,1.0823319228158796,252,252,2013
LightGBM,no_cross,TLT,0.2570719923689855,0.043390209783096066,0.03560615786143379,1.0312999657837985,252,252,2013
LightGBM,no_cross,Pooled,0.6311727722057566,0.07789112665248626,0.04762802547139802,1.0938202882409256,756,252,2013
LightGBM,risk_only,GLD,0.8026818728637419,0.1209490307403813,0.08107191716830713,1.0205244210766171,252,252,2013
LightGBM,risk_only,SPY,0.41099873328874204,0.05217578580004148,0.043131595224540575,0.8242157713751662,252,252,2013
LightGBM,risk_only,TLT,0.25885272339743776,0.046507426401983507,0.03757905993379497,0.8984993806697666,252,252,2013
LightGBM,risk_only,Pooled,0.4908444431833072,0.0806513512418844,0.05392752410888089,0.9561485289656741,756,252,2013
Ridge,full,GLD,0.871071154937853,0.11404530581962995,0.07012769686398432,1.4446657252439605,252,252,2013
Ridge,full,SPY,0.3918429388462026,0.04878652099524746,0.0395889858614507,0.8388390268277949,252,252,2013
Ridge,full,TLT,0.3010789814965931,0.0449816199646443,0.035914514511260716,1.1215561450534441,252,252,2013
Ridge,full,Pooled,0.5213310250935496,0.07617918032497752,0.04854373241223191,1.227728998127409,756,252,2013
Ridge,no_cross,GLD,0.8719660390918372,0.11418668689044961,0.07127000517780865,1.345513934962773,252,252,2013
Ridge,no_cross,SPY,0.40558930752553,0.051278571764832734,0.042671158043498664,0.7986800814102883,252,252,2013
Ridge,no_cross,TLT,0.2648240424298609,0.044687202984308554,0.036422135581267605,0.9797022898748565,252,252,2013
Ridge,no_cross,Pooled,0.5141264630157427,0.07673555780692431,0.050121099600858296,1.1309039448391327,756,252,2013
Ridge,risk_only,GLD,0.775573245176996,0.1162550243382921,0.07633689400814717,1.09992196940519,252,252,2013
Ridge,risk_only,SPY,0.45538860686905747,0.05654252179985261,0.047118668849842185,0.744465112897139,252,252,2013
Ridge,risk_only,TLT,0.2661547250417513,0.04648202259725855,0.03785376708293484,0.9080034707094002,252,252,2013
Ridge,risk_only,Pooled,0.49903885902926826,0.07931554257125091,0.05376977664697473,0.980798050193806,756,252,2013
EWMA,baseline,GLD,0.44387277314699397,0.06110069364946843,0.048238316659150876,1.032196098322671,252,252,2014
EWMA,baseline,SPY,0.5597058274711629,0.055905278875072205,0.04462285201323535,1.095412924417067,252,252,2014
EWMA,baseline,TLT,0.20979517860719094,0.03366370527385378,0.026257889082957862,1.1018388528778453,252,252,2014
EWMA,baseline,Pooled,0.4044579264084493,0.05161375793110037,0.03970635258511469,1.0665298153986722,756,252,2014
HV21,baseline,GLD,0.4314714455519064,0.06082293148423107,0.04855856904429424,1.0123854648395176,252,252,2014
HV21,baseline,SPY,0.8026930644404328,0.061982194200342226,0.04822716085587117,1.0905898638695526,252,252,2014
HV21,baseline,TLT,0.2266293205272961,0.03476111926427537,0.027598904473391618,1.1078353209149774,252,252,2014
HV21,baseline,Pooled,0.4869312768398784,0.05400480473911428,0.041461544791185675,1.0567129299330362,756,252,2014
LightGBM,full,GLD,0.4150302285275086,0.06669054643164866,0.05323520715503785,0.8961916610371365,252,252,2014
LightGBM,full,SPY,0.529499003370292,0.05918048043254366,0.051246288852149664,0.7768427453007879,252,252,2014
LightGBM,full,TLT,0.2163915831980969,0.0390458513510412,0.02940732787179884,0.9040047872133951,252,252,2014
LightGBM,full,Pooled,0.3869736050319658,0.05619767716227595,0.044629607959662115,0.8613226161820717,756,252,2014
LightGBM,no_cross,GLD,0.4623491036367152,0.063515491496766,0.04998761433697247,1.1100490246966854,252,252,2014
LightGBM,no_cross,SPY,0.4491398413968401,0.04839768424325704,0.0389149145542269,1.0541367669717527,252,252,2014
LightGBM,no_cross,TLT,0.22532931183479252,0.039444951663770274,0.029837589193234683,0.9198645326325107,252,252,2014
LightGBM,no_cross,Pooled,0.37893941895611594,0.051421324084932364,0.03958003936147801,1.0397764346936167,756,252,2014
LightGBM,risk_only,GLD,0.4298967811046908,0.06536098578682864,0.05433689684264177,0.8928219988576638,252,252,2014
LightGBM,risk_only,SPY,0.49976654742842425,0.053571904726061194,0.044657766110026635,0.9686776998060268,252,252,2014
LightGBM,risk_only,TLT,0.2160117731907331,0.03689654137029984,0.029187287911754678,0.9453843981494419,252,252,2014
LightGBM,risk_only,Pooled,0.381891700574616,0.05323959117077704,0.0427273169548077,0.9261365499322458,756,252,2014
Ridge,full,GLD,0.41659421709760636,0.06551990979157812,0.05446611235722334,0.8316313730422399,252,252,2014
Ridge,full,SPY,0.43290894921568246,0.05278562053305458,0.04435876146151442,0.8473235517253852,252,252,2014
Ridge,full,TLT,0.207109345024428,0.03544885331950923,0.0279621625758392,0.9340908164534514,252,252,2014
Ridge,full,Pooled,0.3522041704459056,0.05271243216998007,0.042262345464858984,0.8601739860257684,756,252,2014
Ridge,no_cross,GLD,0.4022586130551443,0.06251466962815795,0.05087893812169823,0.9094435346928096,252,252,2014
Ridge,no_cross,SPY,0.4281920360049712,0.05055773027295221,0.041248413908076,0.9664345077483024,252,252,2014
Ridge,no_cross,TLT,0.20302853061677323,0.03479603899058273,0.027193994387646386,0.9597552944749592,252,252,2014
Ridge,no_cross,Pooled,0.3444930598922962,0.05057974673227904,0.039773782139140214,0.9373634762763893,756,252,2014
Ridge,risk_only,GLD,0.4177991186665058,0.06633771916062217,0.055817025450759776,0.812971589027706,252,252,2014
Ridge,risk_only,SPY,0.48652942791430703,0.05681161351774987,0.04691888652177246,0.8797727586848744,252,252,2014
Ridge,risk_only,TLT,0.20107171295090762,0.03479758108529886,0.027498417035757887,0.9232837359319502,252,252,2014
Ridge,risk_only,Pooled,0.36846675317724026,0.054280518492094094,0.04341144300276337,0.8572374679111927,756,252,2014
EWMA,baseline,GLD,0.33460478053311754,0.05413127756009763,0.0430705289721878,0.9420367691868805,252,252,2015
EWMA,baseline,SPY,0.6032761611262467,0.07443645988484605,0.05045864019833722,1.023399662664625,252,252,2015
EWMA,baseline,TLT,0.20361085413341518,0.04379129733634053,0.03436730730479425,0.9782074776094745,252,252,2015
EWMA,baseline,Pooled,0.38049726526425987,0.05884629553018159,0.04263215882510642,0.982415056259065,756,252,2015
HV21,baseline,GLD,0.3413055769738409,0.05452932356022669,0.042990970054159916,0.9742515416436129,252,252,2015
HV21,baseline,SPY,0.6892454342370945,0.07882811477802681,0.0539672088866386,1.0116995702189062,252,252,2015
HV21,baseline,TLT,0.22309319738732278,0.04566339212167942,0.03636898665583264,0.9704584203587812,252,252,2015
HV21,baseline,Pooled,0.41788140286608616,0.061298352852943556,0.044442388532210386,0.9857723114396691,756,252,2015
LightGBM,full,GLD,0.3019145693470954,0.050700652915161216,0.04114835681843407,1.005250202165453,252,252,2015
LightGBM,full,SPY,0.49013234557302965,0.06830391364380704,0.04646343625379468,1.0347510164273812,252,252,2015
LightGBM,full,TLT,0.17713638186079286,0.040675871525573185,0.032408052981812124,1.1793644437112292,252,252,2015
LightGBM,full,Pooled,0.32306109892697266,0.054438060672808784,0.04000661535134695,1.0718350934308116,756,252,2015
LightGBM,no_cross,GLD,0.3138493106901944,0.052406819861574944,0.0427014368278208,0.9840681713785295,252,252,2015
LightGBM,no_cross,SPY,0.5026194587994597,0.06921892958544529,0.04643364773669258,1.0155715937530108,252,252,2015
LightGBM,no_cross,TLT,0.18307007208895482,0.041097600681122254,0.03277340535665946,1.1732678389309843,252,252,2015
LightGBM,no_cross,Pooled,0.3331796138595363,0.055457935298456544,0.04063616330705762,1.055655100299121,756,252,2015
LightGBM,risk_only,GLD,0.3102376889142822,0.05606096385860223,0.04495008344472954,0.8269168805413825,252,252,2015
LightGBM,risk_only,SPY,0.5815269357917294,0.07518696818948978,0.053117660516613374,0.9437650843650557,252,252,2015
LightGBM,risk_only,TLT,0.18874234246333552,0.04355006906181316,0.035088156953553544,1.041434843422952,252,252,2015
LightGBM,risk_only,Pooled,0.36016898905644906,0.059700698961769695,0.04438530030496548,0.9357821578023517,756,252,2015
Ridge,full,GLD,0.31966539190337256,0.056575043611938616,0.04658106870617733,0.7882004683349494,252,252,2015
Ridge,full,SPY,0.4907852269104048,0.06951900868780583,0.047717594611146136,0.9531782016414276,252,252,2015
Ridge,full,TLT,0.18898964629968298,0.042322891182764666,0.033721789844486295,1.0715762583476554,252,252,2015
Ridge,full,Pooled,0.33314675503782015,0.05722719413791582,0.042673484387269915,0.9320573802008572,756,252,2015
Ridge,no_cross,GLD,0.315399756625958,0.05561988882814368,0.04576205609471008,0.8161297920020978,252,252,2015
Ridge,no_cross,SPY,0.5090239713667103,0.06914645585812434,0.04624493624310476,0.9914266476293245,252,252,2015
Ridge,no_cross,TLT,0.18584478792128062,0.04151065886188289,0.0328989666581279,1.0667939037492404,252,252,2015
Ridge,no_cross,Pooled,0.33675617197131635,0.056562470449766776,0.04163531966531424,0.9548345334951386,756,252,2015
Ridge,risk_only,GLD,0.3368987907623612,0.06015196814416333,0.04936224975180195,0.738278971358077,252,252,2015
Ridge,risk_only,SPY,0.564657530699543,0.07531802031508388,0.0530495028087504,0.9064735443184868,252,252,2015
Ridge,risk_only,TLT,0.19058810692128061,0.04373977872667634,0.03461450802752047,0.9724041538384233,252,252,2015
Ridge,risk_only,Pooled,0.36404814279439496,0.06111255108093164,0.045675420196024274,0.8689665873160718,756,252,2015
EWMA,baseline,GLD,0.40931391084281943,0.06821170374842725,0.052209896449963086,0.9788181888600066,252,252,2016
EWMA,baseline,SPY,0.7497248313827651,0.0655733880329913,0.04865091938908801,0.8985498246214331,252,252,2016
EWMA,baseline,TLT,0.4644458200424877,0.05786178891659123,0.03947219815670017,0.9903340362796775,252,252,2016
EWMA,baseline,Pooled,0.5411615207560242,0.06403304449791689,0.04677767133191709,0.9581100647740983,756,252,2016
HV21,baseline,GLD,0.46837218580669304,0.07034894752733391,0.05316147006269114,0.9812802568931608,252,252,2016
HV21,baseline,SPY,0.999994956581187,0.06864056004582002,0.04741585267257971,0.9143881439243816,252,252,2016
HV21,baseline,TLT,0.5182912609790192,0.05979095171763903,0.04049545503769032,0.9836067328729869,252,252,2016
HV21,baseline,Pooled,0.6622194677889663,0.06642152966448064,0.047024259257653724,0.9622922433328243,756,252,2016
LightGBM,full,GLD,0.3924201542515862,0.0733557972045151,0.05980949721476919,0.7974164199065202,252,252,2016
LightGBM,full,SPY,0.4776172011181998,0.059509401236600735,0.04810767867421316,0.7394658779109099,252,252,2016
LightGBM,full,TLT,0.37063739447132077,0.053606953366844616,0.03762318751914442,1.017641872757341,252,252,2016
LightGBM,full,Pooled,0.41355824994703555,0.06270605305264593,0.04851345446937559,0.8302878191787358,756,252,2016
LightGBM,no_cross,GLD,0.4035482309665021,0.0715592934849916,0.054816680712400236,0.8639090858925439,252,252,2016
LightGBM,no_cross,SPY,0.4710398749070675,0.05573859874698515,0.04342809707375746,0.8073658160359799,252,252,2016
LightGBM,no_cross,TLT,0.40678727774225504,0.0567159130264588,0.04035196821639476,0.9260201899010094,252,252,2016
LightGBM,no_cross,Pooled,0.42712512787194157,0.06176357789931272,0.046198915334184146,0.8634876056122963,756,252,2016
LightGBM,risk_only,GLD,0.31895509791162924,0.06311746006438498,0.04773255658865181,0.9707480947460734,252,252,2016
LightGBM,risk_only,SPY,0.5925900145801328,0.06477497742673906,0.05111683794360889,0.8062897151479415,252,252,2016
LightGBM,risk_only,TLT,0.3871323878755113,0.05777774484493653,0.041069090738284304,0.912917258650702,252,252,2016
LightGBM,risk_only,Pooled,0.4328925001224245,0.06196202940774932,0.04663949509018167,0.9031254426464246,756,252,2016
Ridge,full,GLD,0.3655435671335379,0.06931106211160032,0.056262501734849535,0.8328651283266613,252,252,2016
Ridge,full,SPY,0.5863478584259707,0.06356242398816232,0.05072311028128319,0.7671451297407493,252,252,2016
Ridge,full,TLT,0.43695390995750544,0.0596260021421254,0.04404830513018079,0.8916184617444989,252,252,2016
Ridge,full,Pooled,0.4629484451723379,0.0642896186688068,0.05034463904877118,0.828570576078055,756,252,2016
Ridge,no_cross,GLD,0.3580721099379613,0.06561912468364944,0.05032738521486633,0.9341712601044861,252,252,2016
Ridge,no_cross,SPY,0.5771280672486884,0.0605609985313114,0.04747775217324563,0.8119695183036446,252,252,2016
Ridge,no_cross,TLT,0.4423621709944175,0.05818576516160995,0.04162539029041099,0.9451041940648793,252,252,2016
Ridge,no_cross,Pooled,0.45918744939368905,0.061533425428244165,0.04647684255950765,0.8993732689816801,756,252,2016
Ridge,risk_only,GLD,0.3816010953135989,0.06996990411298382,0.056412609451641525,0.8524190602871164,252,252,2016
Ridge,risk_only,SPY,0.6501712714221312,0.06697008495927367,0.05340805390741173,0.793448144166426,252,252,2016
Ridge,risk_only,TLT,0.40423577425215507,0.05630174473085703,0.03984792035883123,0.946835704955587,252,252,2016
Ridge,risk_only,Pooled,0.47866938032929496,0.06468040976156297,0.049889527905961496,0.8589343227653102,756,252,2016
EWMA,baseline,GLD,0.18907894048670953,0.02980814143789198,0.02555502882701882,0.9350704424001856,251,251,2017
EWMA,baseline,SPY,0.5473022534433143,0.03359706862239205,0.028234726121944703,0.9705669350688186,251,251,2017
EWMA,baseline,TLT,0.2238695543572486,0.030655522040775363,0.025631511445118736,0.9680127293064251,251,251,2017
EWMA,baseline,Pooled,0.3200835827624241,0.03139559070735654,0.026473755464694087,0.9547971244780136,753,251,2017
HV21,baseline,GLD,0.20748609754295738,0.030698346876941257,0.025577143163723007,0.9560644741431064,251,251,2017
HV21,baseline,SPY,0.6089872466282437,0.034689168505864516,0.028613184287819463,0.9873455530118157,251,251,2017
HV21,baseline,TLT,0.22815105229011204,0.030952654032058106,0.02609423734206302,1.0031115757264273,251,251,2017
HV21,baseline,Pooled,0.34820813215377105,0.032165165962748966,0.026761521597868498,0.9803272164575869,753,251,2017
LightGBM,full,GLD,0.2992909007490213,0.04639378378708422,0.04006401364929042,0.5500605060730055,251,251,2017
LightGBM,full,SPY,0.55445559649949,0.042231621263558054,0.03615924295860572,0.5405821105193819,251,251,2017
LightGBM,full,TLT,0.24631823839737632,0.034031104408441946,0.02852322472385889,0.8445553877603554,251,251,2017
LightGBM,full,Pooled,0.36668824521529586,0.04120683226476569,0.03491549377725168,0.6349236798105973,753,251,2017
LightGBM,no_cross,GLD,0.25800577679358633,0.041642814161544126,0.0357654883466196,0.6127814997079142,251,251,2017
LightGBM,no_cross,SPY,0.5461734165359319,0.04105680549879117,0.035344609679020526,0.5567494356284248,251,251,2017
LightGBM,no_cross,TLT,0.3049221477172531,0.033149674567745854,0.026777676911526917,1.018788367916902,251,251,2017
LightGBM,no_cross,Pooled,0.3697004470155905,0.038810162642474305,0.03262925831238901,0.7098298190082571,753,251,2017
LightGBM,risk_only,GLD,0.2565343884990395,0.04100716031463936,0.035203925699905374,0.6122086393041777,251,251,2017
LightGBM,risk_only,SPY,0.637079623884691,0.0465111965650927,0.0403077089007049,0.4852158298428029,251,251,2017
LightGBM,risk_only,TLT,0.2519485728234906,0.03367786400033035,0.02820117779875875,0.8783565721986928,251,251,2017
LightGBM,risk_only,Pooled,0.38185419506907364,0.04073932222726985,0.03457093746645634,0.6562483097997681,753,251,2017
Ridge,full,GLD,0.27222885066131625,0.04346950816763087,0.03769286520875185,0.5903939189222892,251,251,2017
Ridge,full,SPY,0.5209355246137459,0.03613583920832048,0.0302899396605989,0.7221870368480005,251,251,2017
Ridge,full,TLT,0.21884616962217374,0.0323474221773482,0.02680151996739223,0.8151856273985109,251,251,2017
Ridge,full,Pooled,0.3373368482990787,0.03760209540768048,0.031594774945580995,0.6903277710907966,753,251,2017
Ridge,no_cross,GLD,0.2458088919769997,0.0403171268209394,0.03461256270000828,0.6336172925651536,251,251,2017
Ridge,no_cross,SPY,0.5198254100461738,0.03595202904746784,0.030083500196283874,0.7323400147279918,251,251,2017
Ridge,no_cross,TLT,0.2149847475329157,0.03174324919341654,0.026380893756400226,0.845518942537052,251,251,2017
Ridge,no_cross,Pooled,0.3268730165186964,0.036173899324794125,0.030358985550897458,0.7244560306626491,753,251,2017
Ridge,risk_only,GLD,0.26727613969234204,0.0419654436570947,0.03595833194142216,0.6149373597813359,251,251,2017
Ridge,risk_only,SPY,0.5790087966379716,0.04110546637884897,0.03481411095919446,0.6312585118020909,251,251,2017
Ridge,risk_only,TLT,0.23060494578226837,0.03393007900764542,0.02788689500154223,0.7849748023322815,251,251,2017
Ridge,risk_only,Pooled,0.35896329403752736,0.0391663464768098,0.03288644596738628,0.676008572036847,753,251,2017
EWMA,baseline,GLD,0.39834226416325313,0.04035837444425307,0.03227822686883537,1.0099983057304702,251,251,2018
EWMA,baseline,SPY,1.0811179593945508,0.0847972244386603,0.05761660612328965,1.2491080186225716,251,251,2018
EWMA,baseline,TLT,0.2767504226497029,0.032594610743111,0.025776206403133755,0.9957481062306458,251,251,2018
EWMA,baseline,Pooled,0.5854035487358356,0.05739272982349476,0.03855701313175292,1.144575437974032,753,251,2018
HV21,baseline,GLD,0.43299706911060004,0.04141486700084478,0.03321519706519737,1.0167915797238711,251,251,2018
HV21,baseline,SPY,1.1504249414967214,0.08851629245088748,0.06129143665261514,1.2083061900026029,251,251,2018
HV21,baseline,TLT,0.2998672939279806,0.0338253874692461,0.026541307675509034,1.0018952524028601,251,251,2018
HV21,baseline,Pooled,0.6277631015117673,0.0597061752121541,0.04034931379777384,1.1257860052254383,753,251,2018
LightGBM,full,GLD,0.5127921146242561,0.05853713871642128,0.051645644134644994,0.5265381500536161,251,251,2018
LightGBM,full,SPY,1.0175927020638005,0.08642803352742706,0.05945985994286844,1.1774544808537446,251,251,2018
LightGBM,full,TLT,0.26947520578242856,0.03559037869215316,0.02931564011430692,0.7963145317661084,251,251,2018
LightGBM,full,Pooled,0.5999533408234949,0.06367384770315694,0.046807048063940114,0.8883486446380381,753,251,2018
LightGBM,no_cross,GLD,0.3922436109649125,0.04556933944645855,0.03879666449724299,0.6908846327285918,251,251,2018
LightGBM,no_cross,SPY,0.8959061319443807,0.08643622403075396,0.06197620498808609,1.0305002315107332,251,251,2018
LightGBM,no_cross,TLT,0.2754832469724173,0.03332298170970214,0.026862207914634045,0.9238148353040814,251,251,2018
LightGBM,no_cross,Pooled,0.5212109966272368,0.05960482819455259,0.042545025799987715,0.9233268958185286,753,251,2018
LightGBM,risk_only,GLD,0.3954762268320451,0.04536425150341149,0.03756106819785969,0.7133948668898273,251,251,2018
LightGBM,risk_only,SPY,1.235296109622487,0.09246413662203032,0.0654232771061966,1.0728356640380008,251,251,2018
LightGBM,risk_only,TLT,0.27091715334114136,0.03439751635129372,0.028107283622341776,0.8776431875414649,251,251,2018
LightGBM,risk_only,Pooled,0.6338964965985578,0.06269162891184057,0.043697209642132695,0.9431439034016529,753,251,2018
Ridge,full,GLD,0.40629709860586694,0.04626539074797908,0.039187074198411685,0.7049537068143973,251,251,2018
Ridge,full,SPY,0.8869101836492973,0.08403487911463554,0.056483690238754415,1.175382404376691,251,251,2018
Ridge,full,TLT,0.27310292929010255,0.03549346381427537,0.02940381424524843,0.8010404402466628,251,251,2018
Ridge,full,Pooled,0.5221034038484222,0.05905402403000683,0.041691526227471506,0.9690621492282783,753,251,2018
Ridge,no_cross,GLD,0.3518891179164033,0.04012070755057147,0.03333801566973483,0.829709953791001,251,251,2018
Ridge,no_cross,SPY,0.8349514883676729,0.08713831792278698,0.06105337567604721,0.9763497234099668,251,251,2018
Ridge,no_cross,TLT,0.2589401333817669,0.03302874948720669,0.026385100837395023,0.8944042937876358,251,251,2018
Ridge,no_cross,Pooled,0.48192691322194775,0.05857660487902383,0.04025883072772568,0.929273317880847,753,251,2018
Ridge,risk_only,GLD,0.3923542265038095,0.04437401269580177,0.03750456735071355,0.7608371280466177,251,251,2018
Ridge,risk_only,SPY,0.8390490600356085,0.0839549616015747,0.059424517221723136,1.1287638525681063,251,251,2018
Ridge,risk_only,TLT,0.25800900434307694,0.033471371664470555,0.027361698880607813,0.8651833539795383,251,251,2018
Ridge,risk_only,Pooled,0.49647076362749837,0.05813152128679179,0.04143026115101483,0.9830481709007418,753,251,2018
EWMA,baseline,GLD,0.33215948922702865,0.04375959119181249,0.035334806264589805,1.0013945979420986,252,252,2019
EWMA,baseline,SPY,0.5880816193143188,0.0716228458802286,0.05753595940906094,0.7118968770311321,252,252,2019
EWMA,baseline,TLT,0.290937166775763,0.04374595068375358,0.034353398872161885,1.032639913143863,252,252,2019
EWMA,baseline,Pooled,0.4037260917723702,0.05464565269224056,0.042408054848604215,0.8874928200543588,756,252,2019
HV21,baseline,GLD,0.3200723986759155,0.0423360710097761,0.033942736906685,0.9973976453037694,252,252,2019
HV21,baseline,SPY,0.7583582405455757,0.0769496069272702,0.05927801983655379,0.7393311409864938,252,252,2019
HV21,baseline,TLT,0.2887368093298031,0.043424337932531,0.03413182710320802,1.0110830196068152,252,252,2019
HV21,baseline,Pooled,0.45572248285043143,0.056566356431141544,0.04245086128214893,0.8950528656351813,756,252,2019
LightGBM,full,GLD,0.3084409598221039,0.0464112726845101,0.03777375185759173,0.868440540490244,252,252,2019
LightGBM,full,SPY,0.39685134944216266,0.056029634810609005,0.0423777942908375,0.8346981409675391,252,252,2019
LightGBM,full,TLT,0.2852459727465765,0.04251785628958615,0.03272207979558399,1.070641420264898,252,252,2019
LightGBM,full,Pooled,0.33017942733694766,0.04865214730673272,0.03762454198133774,0.9139160902333285,756,252,2019
LightGBM,no_cross,GLD,0.3227911479966023,0.04871195699012492,0.03928962655674535,0.8391893130018738,252,252,2019
LightGBM,no_cross,SPY,0.4444624791121333,0.05753679235796544,0.044223019338858874,0.8274420044850888,252,252,2019
LightGBM,no_cross,TLT,0.2695802248329996,0.04223373700823159,0.03341468288696927,0.9796061405221569,252,252,2019
LightGBM,no_cross,Pooled,0.34561128398057833,0.04988996482370604,0.03897577626085784,0.8772450458842268,756,252,2019
LightGBM,risk_only,GLD,0.3555128734207341,0.049820629730793264,0.041580158873553784,0.8025135012377175,252,252,2019
LightGBM,risk_only,SPY,0.4916975756479311,0.06502232083592913,0.05332354807372013,0.7279403868959099,252,252,2019
LightGBM,risk_only,TLT,0.2793412437523002,0.043208679209412314,0.03385026125392641,1.0521633270776565,252,252,2019
LightGBM,risk_only,Pooled,0.37551723094032174,0.05346957799436113,0.04291798940040011,0.8402567773815106,756,252,2019
Ridge,full,GLD,0.3173372777608778,0.047072630476580765,0.03892435440406527,0.8000637013545031,252,252,2019
Ridge,full,SPY,0.43694096766621254,0.05808606367608533,0.04646306157601657,0.797096225181628,252,252,2019
Ridge,full,TLT,0.2638661548872898,0.04181152049703598,0.03321683179314881,1.0164809988991057,252,252,2019
Ridge,full,Pooled,0.33938146677146,0.04945714164688796,0.03953474925774355,0.8606076844071288,756,252,2019
Ridge,no_cross,GLD,0.3205626186972433,0.04734332118752156,0.038950007374124504,0.8005858771604417,252,252,2019
Ridge,no_cross,SPY,0.45827852301551186,0.06161432429475876,0.04979121817053013,0.7488520831328864,252,252,2019
Ridge,no_cross,TLT,0.26060734183320317,0.041547414941067375,0.032948746487263064,1.018382843934018,252,252,2019
Ridge,no_cross,Pooled,0.3464828278486528,0.05087207062049456,0.04056332401063924,0.8413123619570083,756,252,2019
Ridge,risk_only,GLD,0.3328681860336462,0.047315658932097875,0.039706184146035585,0.8341748566055174,252,252,2019
Ridge,risk_only,SPY,0.5342314595913401,0.07038715110738875,0.05880046291802099,0.654047166537937,252,252,2019
Ridge,risk_only,TLT,0.2762283068014204,0.043515693962859,0.0347420403880509,0.9952851775428543,252,252,2019
Ridge,risk_only,Pooled,0.38110931747546894,0.05503555893620715,0.044416229150702494,0.8025853550986982,756,252,2019
EWMA,baseline,GLD,0.6797493107017906,0.09958140545086994,0.07833861798892743,1.0447506112482443,253,253,2020
EWMA,baseline,SPY,0.9895076499242782,0.20535196524119856,0.1399381304661086,1.0064543160593264,253,253,2020
EWMA,baseline,TLT,0.7502894888690071,0.1460118692636796,0.09326121144337235,0.9951474760532165,253,253,2020
EWMA,baseline,Pooled,0.8065154831650253,0.15642394521072833,0.10384598663280278,1.011065361414183,759,253,2020
HV21,baseline,GLD,0.7628054779049459,0.10448792629087579,0.08120251021760695,1.0291768254528502,253,253,2020
HV21,baseline,SPY,0.9874784614669305,0.2104673351944394,0.1318581124594599,1.0028889586494294,253,253,2020
HV21,baseline,TLT,0.7421427717953302,0.15601014485878745,0.08903571247581721,0.995305352989572,253,253,2020
HV21,baseline,Pooled,0.8308089037224022,0.16284286006584778,0.10069877838429468,1.0061563068744483,759,253,2020
LightGBM,full,GLD,0.580585442157893,0.0936416344119473,0.07156204738169787,1.1991092862678785,253,253,2020
LightGBM,full,SPY,1.1184245564857753,0.17159053615902936,0.09735380166800789,1.765867056486182,253,253,2020
LightGBM,full,TLT,0.616149773156368,0.12220371253224575,0.06507974961056011,1.920082196609737,253,253,2020
LightGBM,full,Pooled,0.7717199239333454,0.1330987292092449,0.07799853288675529,1.643835936445245,759,253,2020
LightGBM,no_cross,GLD,0.5816346479276598,0.09308327227415004,0.07245955482551515,1.1991690491102778,253,253,2020
LightGBM,no_cross,SPY,0.8536870909333538,0.1689115795007366,0.10111388310061978,1.3104595244085677,253,253,2020
LightGBM,no_cross,TLT,0.6080798398648358,0.12188915142259125,0.06641330984729298,1.8290712418990536,253,253,2020
LightGBM,no_cross,Pooled,0.6811338595752832,0.13172266636285065,0.07999558259114264,1.3763161870144165,759,253,2020
LightGBM,risk_only,GLD,0.6361550020065877,0.10063650506125697,0.07942198339079547,1.0146141027592255,253,253,2020
LightGBM,risk_only,SPY,0.809477128251246,0.17658348903972862,0.12103063749760926,1.1454212658342273,253,253,2020
LightGBM,risk_only,TLT,0.7559705855516227,0.13001215941748048,0.07598420611849692,1.5783193695477293,253,253,2020
LightGBM,risk_only,Pooled,0.7338675719364854,0.1392989547086705,0.09214560900230054,1.191394305879323,759,253,2020
Ridge,full,GLD,0.5305554399323823,0.08947506745699557,0.06821879492982877,1.26134704407717,253,253,2020
Ridge,full,SPY,0.8562232281333315,0.16523365024713532,0.09822868599596131,1.1455877086415787,253,253,2020
Ridge,full,TLT,0.7378196976115402,0.16315411435565486,0.10391670823719147,0.7439973173448167,253,253,2020
Ridge,full,Pooled,0.7081994552257512,0.14367464622264275,0.09012139638766052,1.0341192235165884,759,253,2020
Ridge,no_cross,GLD,0.5439392047972623,0.09069420064948187,0.06963625149295621,1.198962431420295,253,253,2020
Ridge,no_cross,SPY,0.880301126600008,0.17158650371017692,0.1023961307298845,1.1437630682160245,253,253,2020
Ridge,no_cross,TLT,0.7607693285654737,0.16712310975883438,0.10825606561321167,0.7495116862192576,253,253,2020
Ridge,no_cross,Pooled,0.7283365533209146,0.14787100245641405,0.09342948261201747,1.0271070681832628,759,253,2020
Ridge,risk_only,GLD,0.6390611894713795,0.09972676890779716,0.07847855810186691,1.0579353573535113,253,253,2020
Ridge,risk_only,SPY,0.8510693626027839,0.1826370639305218,0.12229806285110598,1.1987399157372018,253,253,2020
Ridge,risk_only,TLT,0.8095423058634466,0.1356768317579153,0.0814440774120721,1.3900398768327415,253,253,2020
Ridge,risk_only,Pooled,0.7665576193125366,0.14342236951723666,0.09407356612168166,1.2058639791735026,759,253,2020
EWMA,baseline,GLD,0.4033198725487395,0.05831556126797975,0.04785165173942013,0.9282935374017317,252,252,2021
EWMA,baseline,SPY,0.5567947202522491,0.06105402840163428,0.049449501435977705,1.034114449414062,252,252,2021
EWMA,baseline,TLT,0.2817121318367024,0.048741935307688986,0.037399693127871406,1.0548174189538613,252,252,2021
EWMA,baseline,Pooled,0.413942241545897,0.056285212171599756,0.04490028210108975,1.003366820947935,756,252,2021
HV21,baseline,GLD,0.49936916428382533,0.06132021405723542,0.04924173016763392,0.9505601081548848,252,252,2021
HV21,baseline,SPY,0.6667624232822502,0.06413531281154153,0.05140539042798396,1.0333860887578499,252,252,2021
HV21,baseline,TLT,0.307003923636525,0.05022626923811069,0.038293321040793304,1.0390759022352916,252,252,2021
HV21,baseline,Pooled,0.49104517040086687,0.058867606041123156,0.046313480545470395,1.0063879509480034,756,252,2021
LightGBM,full,GLD,0.32808463036638597,0.05212475905379972,0.04310922088007274,0.9866474504880492,252,252,2021
LightGBM,full,SPY,0.4873627195863588,0.055126189979434075,0.042712344886102135,1.1321589461820503,252,252,2021
LightGBM,full,TLT,0.2803212275730894,0.048220564368394836,0.03683986193211058,1.1370337752871915,252,252,2021
LightGBM,full,Pooled,0.3652561925086114,0.051900899658457574,0.04088714256609515,1.0811443284395297,756,252,2021
LightGBM,no_cross,GLD,0.33130561470510034,0.05308258887757828,0.04364866482562702,0.980273204596911,252,252,2021
LightGBM,no_cross,SPY,0.5048454764455395,0.05668396649313628,0.04374193604195295,1.1171253887834867,252,252,2021
LightGBM,no_cross,TLT,0.27012660494995955,0.047717100986926816,0.03661011455158639,1.1032233019241569,252,252,2021
LightGBM,no_cross,Pooled,0.36875923203353306,0.0526236797963856,0.041333571806388796,1.0633032459239324,756,252,2021
LightGBM,risk_only,GLD,0.38371078113171536,0.05901685203886079,0.04932677766131422,0.8823235147711895,252,252,2021
LightGBM,risk_only,SPY,0.6369753438725094,0.0663903082280912,0.0508621661749564,0.9310217349594552,252,252,2021
LightGBM,risk_only,TLT,0.2611753271523664,0.04783321066362152,0.037436345660069204,1.0269053401531962,252,252,2021
LightGBM,risk_only,Pooled,0.42728715071886375,0.05824854188042861,0.04587509649877994,0.945318835127338,756,252,2021
Ridge,full,GLD,0.35259855274111657,0.055553309472344124,0.04631314931064778,0.8906523136349346,252,252,2021
Ridge,full,SPY,0.47014396837918865,0.0577157234647985,0.04721663594491195,0.9439385370794998,252,252,2021
Ridge,full,TLT,0.2829973462218911,0.047565945737209826,0.035897141862607784,1.188325504490515,252,252,2021
Ridge,full,Pooled,0.3685799557807321,0.05378907609750739,0.04314230903938917,0.9975106618193611,756,252,2021
Ridge,no_cross,GLD,0.3483516096108883,0.0552042417710561,0.04556713454034883,0.901963047152342,252,252,2021
Ridge,no_cross,SPY,0.4688266276524707,0.05775760152411189,0.04696951125644504,0.9426642315583876,252,252,2021
Ridge,no_cross,TLT,0.2861455855240458,0.048861614316733186,0.03758292155524569,1.1121885062839838,252,252,2021
Ridge,no_cross,Pooled,0.36777460759580155,0.05407065191941771,0.04337318911734652,0.9814776429135185,756,252,2021
Ridge,risk_only,GLD,0.3936901366881922,0.06153507867640536,0.05189732886544168,0.7813205734779972,252,252,2021
Ridge,risk_only,SPY,0.5536293959690878,0.0662725090062141,0.0546508411685218,0.8222646214113688,252,252,2021
Ridge,risk_only,TLT,0.2577692853041632,0.0476717286143686,0.037471794525734334,1.0233243143610726,252,252,2021
Ridge,risk_only,Pooled,0.40169627265381436,0.059023173603741264,0.048006654853232605,0.8681728058647619,756,252,2021
EWMA,baseline,GLD,0.3243261202936349,0.059860462689380854,0.04478644542280908,1.0392080839458397,251,251,2022
EWMA,baseline,SPY,0.2437480176560306,0.08219646081772729,0.06497088346797479,1.0242534303949473,251,251,2022
EWMA,baseline,TLT,0.21689093486908942,0.06314343922765349,0.04965874006570206,1.039678430569788,251,251,2022
EWMA,baseline,Pooled,0.2616550242729183,0.06910529907767157,0.05313868965216198,1.032209878529566,753,251,2022
HV21,baseline,GLD,0.3569036656737421,0.063650726525295,0.04815193940415351,1.0236811640721915,251,251,2022
HV21,baseline,SPY,0.2746895858900073,0.085555430064587,0.0666610028106829,1.0112647505879313,251,251,2022
HV21,baseline,TLT,0.23206298527731586,0.06502300765066685,0.05123063787218707,1.0261442136543992,251,251,2022
HV21,baseline,Pooled,0.2878854122803551,0.07210903347171099,0.05534786002900783,1.0185679688141556,753,251,2022
LightGBM,full,GLD,0.2712768463908597,0.054853505663274724,0.04302861314141815,1.0664315932113055,251,251,2022
LightGBM,full,SPY,0.2780283128013953,0.08637304488605374,0.06690207675769233,1.0278888468296772,251,251,2022
LightGBM,full,TLT,0.19363819909686408,0.05932564791142699,0.04634342899879726,1.1454520224587394,251,251,2022
LightGBM,full,Pooled,0.24764778609637297,0.06828553401355655,0.05209137296596925,1.0722959643601047,753,251,2022
LightGBM,no_cross,GLD,0.27852625893518634,0.055376813178736155,0.042636069470915146,1.085636261337702,251,251,2022
LightGBM,no_cross,SPY,0.26269332368741294,0.08640526001479033,0.06610806735826912,0.9975836602205332,251,251,2022
LightGBM,no_cross,TLT,0.21141786499904947,0.060922725149362034,0.04788329547954204,1.2091991501461594,251,251,2022
LightGBM,no_cross,Pooled,0.25087914920721627,0.06890582664206968,0.052209144102908764,1.0776225691564825,753,251,2022
LightGBM,risk_only,GLD,0.3150821618013345,0.060836350242966034,0.046112713087172554,0.9734752502566627,251,251,2022
LightGBM,risk_only,SPY,0.3030124016843795,0.09153510350604473,0.06872873126331039,1.038347764441352,251,251,2022
LightGBM,risk_only,TLT,0.2654284447394902,0.07005103325993707,0.054506032478315584,1.111960849105663,251,251,2022
LightGBM,risk_only,Pooled,0.2945076694084014,0.07524822023483782,0.05644915894293284,1.0486409625950448,753,251,2022
Ridge,full,GLD,0.29111166261247273,0.056888759856274305,0.0446341583182359,1.0294297166509234,251,251,2022
Ridge,full,SPY,0.21681041668816647,0.07859189272664815,0.06416446528279497,0.9034981328424986,251,251,2022
Ridge,full,TLT,0.2400418691243884,0.06212988525561937,0.046742973803106276,1.3489436849306937,251,251,2022
Ridge,full,Pooled,0.24932131614167588,0.06651601121088127,0.051847199134712384,1.0437572993473223,753,251,2022
Ridge,no_cross,GLD,0.2858370457581933,0.05818253919939832,0.04641296616136188,0.9525062332837329,251,251,2022
Ridge,no_cross,SPY,0.2120434972608625,0.07952189774772811,0.06423051961169428,0.8802592512913001,251,251,2022
Ridge,no_cross,TLT,0.23770820842697804,0.06250001733763899,0.04771514657017186,1.2776494069518352,251,251,2022
Ridge,no_cross,Pooled,0.24519625048201124,0.06736762886405415,0.052786210781076,0.9993583796597569,753,251,2022
Ridge,risk_only,GLD,0.30190041756588465,0.05992432479952752,0.046072612368990254,0.9247006896159731,251,251,2022
Ridge,risk_only,SPY,0.22415791584481615,0.0792281003997815,0.062202743593697804,1.0368671277676753,251,251,2022
Ridge,risk_only,TLT,0.22522284352361938,0.06166748807947614,0.04687841479279345,1.2026087791822972,251,251,2022
Ridge,risk_only,Pooled,0.25042705897810674,0.06750529777153162,0.05171792358516051,1.06204715363906,753,251,2022
EWMA,baseline,GLD,0.38907140168564924,0.05626729517134937,0.045175445712052155,0.9620466900494878,250,250,2023
EWMA,baseline,SPY,0.23191370469207367,0.04317325027073945,0.033594252895704876,0.8783020061236873,250,250,2023
EWMA,baseline,TLT,0.24262128971798802,0.0606301804951275,0.048895784083730943,0.9672662623259619,250,250,2023
EWMA,baseline,Pooled,0.2878687986985703,0.0538700808480038,0.04255516089716266,0.9421068715476439,750,250,2023
HV21,baseline,GLD,0.45247449075854673,0.05999730480062749,0.04804477513539669,0.9710664728114284,250,250,2023
HV21,baseline,SPY,0.249671041902224,0.04420873769314012,0.03410273095695585,0.9284425521381772,250,250,2023
HV21,baseline,TLT,0.26970049937539664,0.06319479316835834,0.05105453427422662,0.9747404482389503,250,250,2023
HV21,baseline,Pooled,0.3239486773453891,0.05641415589297854,0.04440068012219305,0.9618190738304064,750,250,2023
LightGBM,full,GLD,0.4062971379972199,0.05546195706523774,0.042794546051929006,1.0091712670605764,250,250,2023
LightGBM,full,SPY,0.24932753886049672,0.047444998191114314,0.039320310334511714,0.7550808391208383,250,250,2023
LightGBM,full,TLT,0.26967931154413916,0.059541155004118114,0.0484421842887181,1.1963412360993724,250,250,2023
LightGBM,full,Pooled,0.30843466280061865,0.054381999699917666,0.04351901355838627,1.0020802954782053,750,250,2023
LightGBM,no_cross,GLD,0.38097284606954185,0.05757854395532574,0.04646159170166396,0.8883619591676606,250,250,2023
LightGBM,no_cross,SPY,0.24403762023317746,0.047576507484503004,0.03948045829733028,0.7430385187443304,250,250,2023
LightGBM,no_cross,TLT,0.2758612817244293,0.06059882340332754,0.048894511267996835,1.1309956820279978,250,250,2023
LightGBM,no_cross,Pooled,0.30029058267571623,0.0555308628491281,0.044945520422330354,0.9417728858446381,750,250,2023
LightGBM,risk_only,GLD,0.3759968378739112,0.05818281556006686,0.04860313288634804,0.8411494547187213,250,250,2023
LightGBM,risk_only,SPY,0.23101848634317537,0.045296798461875704,0.035052752415620204,0.8111296467818662,250,250,2023
LightGBM,risk_only,TLT,0.24250438472019428,0.06089604236382257,0.04933159632970994,0.9687589867884746,250,250,2023
LightGBM,risk_only,Pooled,0.2831732363124269,0.0552128244552206,0.04432916054389273,0.8906499713950115,750,250,2023
Ridge,full,GLD,0.3652245233372031,0.056076877882363305,0.04652842858359801,0.8939372983611917,250,250,2023
Ridge,full,SPY,0.24813968395111732,0.05082654328487519,0.040305254665189534,0.6705030218556249,250,250,2023
Ridge,full,TLT,0.24304794827211856,0.05797531138852147,0.04716304239472164,1.145480791462851,250,250,2023
Ridge,full,Pooled,0.2854707185201463,0.05504268182031954,0.04466557521450307,0.9166858886411628,750,250,2023
Ridge,no_cross,GLD,0.37117922092220657,0.056814161814009126,0.047323593062906365,0.8829479135443431,250,250,2023
Ridge,no_cross,SPY,0.21510372797872243,0.042068244855386044,0.03329400292267165,0.7964493089516721,250,250,2023
Ridge,no_cross,TLT,0.24961481345848704,0.059500057464044055,0.048309042697893864,1.076927592766802,250,250,2023
Ridge,no_cross,Pooled,0.2786325874531387,0.053347424324159176,0.04297554622782396,0.9408167786465933,750,250,2023
Ridge,risk_only,GLD,0.3695042098130378,0.05837212033947296,0.04929505058560153,0.8238629610238886,250,250,2023
Ridge,risk_only,SPY,0.25906696669919327,0.04907230046288616,0.037942856915964454,0.7282459943443429,250,250,2023
Ridge,risk_only,TLT,0.2288316802910673,0.0587579784148397,0.04795212937908116,1.0030065260615413,250,250,2023
Ridge,risk_only,Pooled,0.2858009522677661,0.05558145713888298,0.045063345626882384,0.8718990371704592,750,250,2023
EWMA,baseline,GLD,0.26457402772657096,0.05104533323023445,0.039221033946122356,1.02162026702981,252,252,2024
EWMA,baseline,SPY,0.42277306357563477,0.05402743313699547,0.041890218120484414,1.0459685750776297,252,252,2024
EWMA,baseline,TLT,0.3314532309929693,0.05680703960422539,0.046983157139956044,0.9406386533579565,252,252,2024
EWMA,baseline,Pooled,0.33960010743172503,0.05401120045741817,0.04269813640218761,0.9989216687630513,756,252,2024
HV21,baseline,GLD,0.2855471372363902,0.053111344170090106,0.03997269172066841,1.0110790530330995,252,252,2024
HV21,baseline,SPY,0.5293695179081339,0.05730208034971336,0.04375507411330233,1.049623938185312,252,252,2024
HV21,baseline,TLT,0.34583247278133883,0.057566092702755735,0.0475545174413148,0.9621139255569304,252,252,2024
HV21,baseline,Pooled,0.3869163759752877,0.05603034392488007,0.04376076109176184,1.0038874175917678,756,252,2024
LightGBM,full,GLD,0.24703987200794494,0.05098030791616466,0.03962256166393113,1.0133807502522885,252,252,2024
LightGBM,full,SPY,0.3104397392315903,0.048159298013273504,0.037488636627854975,0.9746167008686506,252,252,2024
LightGBM,full,TLT,0.28350757013708994,0.051994454709366415,0.04344884270917408,0.9756894871430726,252,252,2024
LightGBM,full,Pooled,0.28032906045887507,0.05040414368178674,0.04018668033365339,0.9897198039397649,756,252,2024
LightGBM,no_cross,GLD,0.25301059235192985,0.05207398735292376,0.04111730791247575,0.9841011440588633,252,252,2024
LightGBM,no_cross,SPY,0.288845944585132,0.04651394167537745,0.036110000722209226,0.9951633553163142,252,252,2024
LightGBM,no_cross,TLT,0.29054716687415816,0.052509019830579054,0.04303229258113621,1.0011901169217583,252,252,2024
LightGBM,no_cross,Pooled,0.27746790127040666,0.0504395482816841,0.040086533738607065,0.9928380887278121,756,252,2024
LightGBM,risk_only,GLD,0.25652692969066915,0.052518239691329474,0.04095727449811275,0.9822963240368985,252,252,2024
LightGBM,risk_only,SPY,0.33773901141638146,0.05134132964762273,0.0396590302180803,0.9684993959322544,252,252,2024
LightGBM,risk_only,TLT,0.31411447194642605,0.056519013740520305,0.0468238507183046,0.9111205382217293,252,252,2024
LightGBM,risk_only,Pooled,0.30279347101782556,0.05350544067183861,0.04248005181149922,0.9534314023564971,756,252,2024
Ridge,full,GLD,0.2327324194719916,0.04933972539428815,0.03822485864787005,0.9977998359232254,252,252,2024
Ridge,full,SPY,0.3322580528266468,0.050789519119580545,0.04088572880287012,0.8963924781226859,252,252,2024
Ridge,full,TLT,0.29951981631076185,0.05364724266309455,0.04399099966316384,0.9819133249170485,252,252,2024
Ridge,full,Pooled,0.2881700962031334,0.05129005881498854,0.04103386237130133,0.9628013143678372,756,252,2024
Ridge,no_cross,GLD,0.2356765418805445,0.05013048380480911,0.03904777279882485,0.9567381253887274,252,252,2024
Ridge,no_cross,SPY,0.3338120347717292,0.04992619217479105,0.039823208805728844,0.9442939856035661,252,252,2024
Ridge,no_cross,TLT,0.30087233995292473,0.05432108587472196,0.045140210267600574,0.9430112100563811,252,252,2024
Ridge,no_cross,Pooled,0.2901203055350661,0.05149909527421271,0.041337063957384755,0.9486607626433431,756,252,2024
Ridge,risk_only,GLD,0.24408206956009523,0.051858251192362294,0.04108392639864241,0.9089280036610385,252,252,2024
Ridge,risk_only,SPY,0.3768159587230326,0.05619211884972165,0.045654981108177645,0.831546572823615,252,252,2024
Ridge,risk_only,TLT,0.30937084334418047,0.05585630589401939,0.046853873420931176,0.901464500500478,252,252,2024
Ridge,risk_only,Pooled,0.3100896238757694,0.054671014092410535,0.044530926975917075,0.883996890402345,756,252,2024
EWMA,baseline,GLD,0.4907981184792113,0.09506778717423699,0.06855074154606373,1.043648034092893,244,244,2025
EWMA,baseline,SPY,0.8349899691423212,0.13565764759301557,0.08444745016302439,0.9823626191969677,244,244,2025
EWMA,baseline,TLT,0.2377023230150516,0.04251104142198127,0.03192390785768564,0.9420362180602035,244,244,2025
EWMA,baseline,Pooled,0.5211634702121947,0.09873883084760901,0.06164069985559126,1.0012705911606297,732,244,2025
HV21,baseline,GLD,0.5770404406740641,0.09870683158616704,0.06993581292414217,1.0331985109553252,244,244,2025
HV21,baseline,SPY,0.8220989669031735,0.13774337186066551,0.07829066067301617,0.9768831305451979,244,244,2025
HV21,baseline,TLT,0.2837824817817319,0.04632272891111466,0.03395912954120561,0.965561359273066,244,244,2025
HV21,baseline,Pooled,0.5609739631196566,0.10142660779614349,0.060728534379454635,0.998742173194546,732,244,2025
LightGBM,full,GLD,0.3085258848741528,0.08018542741633086,0.05873760916029311,1.0268378286125035,244,244,2025
LightGBM,full,SPY,0.5695237416212234,0.11700711508106292,0.07139373046656977,0.9686602032281555,244,244,2025
LightGBM,full,TLT,0.2508501758377598,0.045562758483987546,0.03393201222066699,0.8672499260353341,244,244,2025
LightGBM,full,Pooled,0.37629993411104534,0.08601614714730978,0.05468778394917663,0.9749491529088915,732,244,2025
LightGBM,no_cross,GLD,0.3186457761895666,0.08195311532844171,0.05947974344780737,1.018369787214362,244,244,2025
LightGBM,no_cross,SPY,0.6023950682781823,0.12062856961743205,0.07196143856757872,0.900804817759551,244,244,2025
LightGBM,no_cross,TLT,0.2560200729304322,0.04609533125841856,0.03438358612918937,0.8707624153673568,244,244,2025
LightGBM,no_cross,Pooled,0.39235363913272703,0.08830316053952592,0.05527492271485848,0.9431048493258849,732,244,2025
LightGBM,risk_only,GLD,0.5038107511266856,0.09616918549315442,0.07047255020086374,1.0371623025509433,244,244,2025
LightGBM,risk_only,SPY,0.7426437056749942,0.1343000052553319,0.08067226242386791,0.8641794794801118,244,244,2025
LightGBM,risk_only,TLT,0.24155394216678622,0.04341773506928678,0.03278700127455316,0.8640035372579353,244,244,2025
LightGBM,risk_only,Pooled,0.4960027996561553,0.09860713863364674,0.06131060463309493,0.9317533220050565,732,244,2025
Ridge,full,GLD,0.33814177521337785,0.08313590048971485,0.05875157959067817,1.0818796942835713,244,244,2025
Ridge,full,SPY,0.5646910992500855,0.1101240613595828,0.0647454430387308,1.0811350776604929,244,244,2025
Ridge,full,TLT,0.22253054206343031,0.041892581990073605,0.032423274757348804,0.8801995757699539,244,244,2025
Ridge,full,Pooled,0.3751211388422979,0.0832543797974216,0.05197343246225259,1.0443479667125493,732,244,2025
Ridge,no_cross,GLD,0.3526266270646192,0.08417866861509224,0.05922148472832143,1.0907341777519326,244,244,2025
Ridge,no_cross,SPY,0.5614720350466375,0.10947316126227888,0.0644617803778379,1.0668030961325645,244,244,2025
Ridge,no_cross,TLT,0.2335769199098808,0.043185061374738834,0.03332782439850951,0.8567617883077039,244,244,2025
Ridge,no_cross,Pooled,0.38255852734037915,0.08353715902221077,0.052337029834889616,1.0371352734799715,732,244,2025
Ridge,risk_only,GLD,0.45225178636822055,0.09053150682200595,0.06452858307651155,1.1043908266684572,244,244,2025
Ridge,risk_only,SPY,0.730850773462322,0.12255001621004072,0.07669894871020609,1.1037886415733738,244,244,2025
Ridge,risk_only,TLT,0.2467628538367869,0.04413024002514134,0.034318357488104655,0.8444886681068069,244,244,2025
Ridge,risk_only,Pooled,0.4766218045557764,0.09158227318504518,0.05851529642494076,1.0536916503690903,732,244,2025
